"Timings","Monday, 
 July 28","Timings.1","Tuesday, 
 July 29","Timings.2","Wednesday,
 July 30","Timings.3","Thursday, 
 July 31"," Timings","Friday,
 August 1"
"08:00–09:00","Registration Desk Open","08:00–09:00","Registration Desk Open","08:00–09:00","Registration Desk Open","08:00–09:00","Registration Desk Open","08:30–09:00","Registration Desk Open"
"8:45–9:00","Conference Opening","","","","","","","",""
"09:00–10:00 — Morning Plenary Lecture","Matt Pharr","09:00–10:00 — Morning Plenary Lecture","Peter Glynn","09:00–10:00 — Morning Plenary Lecture","Michaela Szölgyenyi","09:00–10:00 — Morning Plenary Lecture","Uros Seljak","9:00–10:30 — Morning Parallel Sessions Track A","Forward and Inverse Problems for Stochastic Reaction Networks"
"10:00–10:30 — Coffee Break","Coffee Break","10:00–10:30 — Coffee Break","Coffee Break","10:00–10:30 — Coffee Break","Coffee Break","10:00–10:30 — Coffee Break","Coffee Break","9:00–10:30 — Morning Parallel Sessions Track B","Hardware or Software for (Quasi-)Monte Carlo Algorithms, Part II"
"10:30–12:30 — Morning Parallel Sessions Track A","Stochastic Computation and Complexity, Part I","10:30–12:30 — Morning Parallel Sessions Track A","Stochastic Computation and Complexity, Part III","10:30–12:30 — Morning Parallel Sessions Track A","Stochastic Computation and Complexity, Part V","10:30–12:30 — Morning Parallel Sessions Track A","QMC and Applications Part I","9:00–10:30 — Morning Parallel Sessions Track C","Technical Session 3 - Simulation"
"10:30–12:30 — Morning Parallel Sessions Track B","Domain Uncertainty Quantification","10:30–12:30 — Morning Parallel Sessions Track B","Next-generation optimal experimental design: theory, scalability, and real world impact: Part I","10:30–12:30 — Morning Parallel Sessions Track B","Statistical Design of Experiments","10:30–12:30 — Morning Parallel Sessions Track B","Analysis of Langevin and Related Sampling Algorithms, Part I","9:00–10:30 — Morning Parallel Sessions Track D","Technical Session 9 - Sampling"
"10:30–12:30 — Morning Parallel Sessions Track C","Nested expectations: models and estimators, Part I","10:30–12:30 — Morning Parallel Sessions Track C","Heavy-tailed Sampling","10:30–12:30 — Morning Parallel Sessions Track C","Advances in Adaptive Hamiltonian Monte Carlo","10:30–12:30 — Morning Parallel Sessions Track C","Technical Session 8 - Finance","9:00–10:30 — Morning Parallel Sessions Track E","Technical Session 14 - Markov Chain Monte Carlo"
"10:30–12:30 — Morning Parallel Sessions Track D","Hardware or Software for (Quasi-)Monte Carlo Algorithms, Part I","10:30–12:30 — Morning Parallel Sessions Track D","Frontiers in (Quasi-)Monte Carlo and Markov Chain Monte Carlo Methods, Part I","10:30–12:30 — Morning Parallel Sessions Track D","Technical Session 15 - Simulation","10:30–12:30 — Morning Parallel Sessions Track D","Nested expectations: models and estimators, Part II","10:30-11 — Coffee Break","Coffee Break"
"10:30-12:30 — Morning Parallel Sessions Track E","Technical Session 1 - Markov Chain Monte Carlo","10:30-12:30 — Morning Parallel Sessions Track E","Technical Session 2 - Bayesian Methods","10:30-12:30 — Morning Parallel Sessions Track E","Technical Session 6 - Sampling","10:30-12:30 — Morning Parallel Sessions Track E","Technical Session 13 - ML & Optimization","11:00-12:00 — Afternoon Plenary Lecture","Veronika Rockova"
"12:30–14:00 — Lunch Break","Lunch Break","12:30–14:00 — Lunch Break","Lunch Break","12:30–14:00 — Lunch Break","Lunch Break","12:30–14:00 — Lunch Break","Lunch Break","12:00-12:15 - Closing","Closing Remarks"
"14:00–15:00 — Afternoon Plenary Lecture","Christiane Lemieux","14:00–15:00 — Afternoon Plenary Lecture","Roshan Joseph","14:00–16:00 — Afternoon Parallel Sessions Track F","Stochastic Optimization","14:00–15:00 — Afternoon Plenary Lecture","Nicolas Chopin","",""
"15:00–15:30 — Coffee Break","Coffee Break","15:00–15:30 — Coffee Break","Coffee Break","14:00–16:00 — Afternoon Parallel Sessions Track G","Recent Progress on Algorithmic Discrepancy Theory and Applications","15:00–15:30 — Coffee Break","Coffee Break","",""
"15:30–17:30 — Afternoon Parallel Sessions Track F","Stochastic Computation and Complexity, Part II","15:30–17:30 — Afternoon Parallel Sessions Track F","Stochastic Computation and Complexity, Part IV","14:00–16:00  — Afternoon Parallel Sessions Track H","Monte Carlo Applications in High-performance Computing, Computer Graphics, and Computational Science","15:30–17:30 — Afternoon Parallel Sessions Track F","QMC and Applications Part II","",""
"15:30–17:30 — Afternoon Parallel Sessions Track G","Recent advances in optimization under uncertainty","15:30–17:30 — Afternoon Parallel Sessions Track G","Next-generation optimal experimental design: theory, scalability, and real world impact: Part II","14:00–16:00  — Afternoon Parallel Sessions Track I","Technical Session 16 - Statistics","15:30–17:30 — Afternoon Parallel Sessions Track G","Analysis of Langevin and Related Sampling Algorithms, Part II","",""
"15:30–17:30 — Afternoon Parallel Sessions Track H","Technical Session 12 - PDEs","15:30–17:30 — Afternoon Parallel Sessions Track H","Advances in Rare Events Simulation","14:00–16:00  — Afternoon Parallel Sessions Track J","Technical Session 10 - Langevin","15:30–17:30 — Afternoon Parallel Sessions Track H","Advances in Stochastic Gradient Descent","",""
"15:30–17:30 — Afternoon Parallel Sessions Track I","Computational Methods for Low-discrepancy Sampling and Applications","15:30–17:30 — Afternoon Parallel Sessions Track I","Frontiers in (Quasi-)Monte Carlo and Markov Chain Monte Carlo Methods, Part II","16-16:30 — Coffee Break","Coffee Break","15:30–17:30 — Afternoon Parallel Sessions Track I","Technical Session 7 - Sampling","",""
"15:30-17:30 — Afternoon Parallel Sessions Track J","Technical Session 4 - Quasi-Monte Carlo, Part 1","15:30-17:30 — Afternoon Parallel Sessions Track J","Technical Session 5 - Quasi-Monte Carlo, Part 2","","//","15:30-17:30 — Afternoon Parallel Sessions Track J","Technical Session 11 - SDEs","",""
"","RECEPTION","","","","CONFERENCE DINNER","","","",""
