join_key,PresenterLast,TalkID
advances in adaptive hamiltonian monte carlo,campbell,S18-4
advances in adaptive hamiltonian monte carlo,carpenter,S18-1
advances in adaptive hamiltonian monte carlo,modi,S18-3
advances in adaptive hamiltonian monte carlo,rabee,S18-2
advances in rare events simulation,amar,S14-3
advances in rare events simulation,elvira,S14-1
advances in rare events simulation,pillai,S14-4
advances in rare events simulation,tuffin,S14-2
analysis of langevin and related sampling algorithms part i,balasubramanian,S23-1
analysis of langevin and related sampling algorithms part i,cheng,S23-4
analysis of langevin and related sampling algorithms part i,wang,S23-2
analysis of langevin and related sampling algorithms part i,whalley,S23-3
analysis of langevin and related sampling algorithms part ii,chen,S26-2
analysis of langevin and related sampling algorithms part ii,mitra,S26-4
analysis of langevin and related sampling algorithms part ii,tao,S26-1
analysis of langevin and related sampling algorithms part ii,zhou,S26-3
computational methods for low discrepancy sampling and applications,chahine,S7-3
computational methods for low discrepancy sampling and applications,clément,S7-1
computational methods for low discrepancy sampling and applications,kirk,S7-2
computational methods for low discrepancy sampling and applications,seljak,S7-4
domain uncertainty quantification,dölz,S2-3
domain uncertainty quantification,hakula,S2-4
domain uncertainty quantification,hanckes,S2-2
domain uncertainty quantification,zepernick,S2-1
forward and inverse problems for stochastic reaction networks,chupin,S28-3
forward and inverse problems for stochastic reaction networks,fang,S28-1
forward and inverse problems for stochastic reaction networks,münker,S28-2
forward and inverse problems for stochastic reaction networks,rathinam,S28-4
frontiers in quasi monte carlo and markov chain monte carlo methods part i,bansal,S11-2
frontiers in quasi monte carlo and markov chain monte carlo methods part i,kim,S11-4
frontiers in quasi monte carlo and markov chain monte carlo methods part i,mascagni,S11-3
frontiers in quasi monte carlo and markov chain monte carlo methods part i,weare,S11-1
frontiers in quasi monte carlo and markov chain monte carlo methods part ii,goda,S15-1
frontiers in quasi monte carlo and markov chain monte carlo methods part ii,isaacson,S15-2
frontiers in quasi monte carlo and markov chain monte carlo methods part ii,niu,S15-3
frontiers in quasi monte carlo and markov chain monte carlo methods part ii,zhong,S15-4
hardware or software for quasi monte carlo algorithms part i,giles,S4-3
hardware or software for quasi monte carlo algorithms part i,haas,S4-2
hardware or software for quasi monte carlo algorithms part i,loi,S4-4
hardware or software for quasi monte carlo algorithms part i,robbe,S4-1
hardware or software for quasi monte carlo algorithms part ii,baumgarten,S29-1
hardware or software for quasi monte carlo algorithms part ii,farmer,S29-4
hardware or software for quasi monte carlo algorithms part ii,krotz,S29-3
hardware or software for quasi monte carlo algorithms part ii,sorokin,S29-2
heavy tailed sampling,erdogdu,S10-1
heavy tailed sampling,grazzi,S10-2
heavy tailed sampling,milinanni,S10-3
heavy tailed sampling,wang,S10-4
monte carlo applications in high performance computing computer graphics and computational science,fahim,S21-1
monte carlo applications in high performance computing computer graphics and computational science,jayaraman,S21-2
monte carlo applications in high performance computing computer graphics and computational science,sawahney,S21-3
monte carlo applications in high performance computing computer graphics and computational science,song,S21-4
nested expectations models and estimators part i,ali,S3-1
nested expectations models and estimators part i,hoang,S3-3
nested expectations models and estimators part i,kaarnioja,S3-4
nested expectations models and estimators part i,krumscheid,S3-2
nested expectations models and estimators part ii,carlon,S24-2
nested expectations models and estimators part ii,guth,S24-4
nested expectations models and estimators part ii,raviola,S24-3
nested expectations models and estimators part ii,tempone,S24-1
next generation optimal experimental design theory scalability and real world impact part i,belhadji,S9-3
next generation optimal experimental design theory scalability and real world impact part i,corenflos,S9-2
next generation optimal experimental design theory scalability and real world impact part i,huan,S9-1
next generation optimal experimental design theory scalability and real world impact part ii,alexanderian,S13-1
next generation optimal experimental design theory scalability and real world impact part ii,catanach,S13-3
next generation optimal experimental design theory scalability and real world impact part ii,iollo,S13-2
qmc and applications part i,bartel,S22-1
qmc and applications part i,cai,S22-2
qmc and applications part i,he,S22-3
qmc and applications part i,kuo,S22-4
qmc and applications part ii,nuyens,S25-1
qmc and applications part ii,owen,S25-2
qmc and applications part ii,pan,S25-3
qmc and applications part ii,suzuki,S25-4
recent advances in optimization under uncertainty,bartuska,S6-4
recent advances in optimization under uncertainty,helin,S6-1
recent advances in optimization under uncertainty,koval,S6-2
recent advances in optimization under uncertainty,milz,S6-3
recent advances in stochastic gradient descent,blanchet,S27-1
recent advances in stochastic gradient descent,dong,S27-3
recent advances in stochastic gradient descent,rhee,S27-2
recent progress on algorithmic discrepancy theory and applications,jiang,S20-1
recent progress on algorithmic discrepancy theory and applications,nikolov,S20-3
recent progress on algorithmic discrepancy theory and applications,zhang,S20-2
statistical design of experiments,huang,S17-4
statistical design of experiments,mak,S17-1
statistical design of experiments,sung,S17-2
statistical design of experiments,xiao,S17-3
stochastic computation and complexity part i,neuenkirch,S1-1
stochastic computation and complexity part i,rauhögger,S1-2
stochastic computation and complexity part i,schwarz,S1-3
stochastic computation and complexity part ii,gnewuch,S5-1
stochastic computation and complexity part ii,plaskota,S5-3
stochastic computation and complexity part ii,pozharska,S5-2
stochastic computation and complexity part iii,chassagneux,S8-1
stochastic computation and complexity part iii,frikha,S8-3
stochastic computation and complexity part iii,reis,S8-2
stochastic computation and complexity part iii,sabanis,S8-4
stochastic computation and complexity part iv,leobacher,S12-2
stochastic computation and complexity part iv,steinicke,S12-3
stochastic computation and complexity part iv,yaroslavtseva,S12-1
stochastic computation and complexity part v,heinrich,S16-1
stochastic computation and complexity part v,käßemodel,S16-2
stochastic computation and complexity part v,lytras,S16-4
stochastic computation and complexity part v,makras,S16-3
stochastic optimization,bollapragada,S19-1
stochastic optimization,henderson,S19-3
stochastic optimization,pasupathy,S19-2
